{"cameraMode":{"drawMode":0,"name":"Shaded","section":"Shading Mode"},"sceneLighting":true,"audioPlay":false,"sceneViewState":{"showFog":true,"showMaterialUpdate":false,"showSkybox":true,"showFlares":true,"showImageEffects":true,"showParticleSystems":true},"in2DMode":false,"pivot":{"x":0.76690673828125,"y":0.363800048828125,"z":-0.85150146484375},"rotation":{"x":0.17637237906455995,"y":-0.2954873740673065,"z":0.055603452026844028,"w":0.9372795820236206},"size":0.5410321354866028,"orthographic":true}