{"cameraMode":{"drawMode":0,"name":"Shaded","section":"Shading Mode"},"sceneLighting":false,"audioPlay":false,"sceneViewState":{"showFog":true,"showMaterialUpdate":false,"showSkybox":false,"showFlares":true,"showImageEffects":true,"showParticleSystems":true},"in2DMode":false,"pivot":{"x":-0.011941416189074517,"y":-0.4169921875,"z":-0.25922471284866335},"rotation":{"x":-0.17511287331581117,"y":0.7827606797218323,"z":-0.540702223777771,"w":-0.2535080015659332},"size":2.2180473804473879,"orthographic":true}